id,collocation,count,lambda,z,xjournalism,comments
8,investigative journalism,1276,"5,31288589992592","49,0333721735485",1,
4,real journalism,1052,"3,36340854031887","62,7038762250026",1,
20,good journalism,572,"2,18383254811247","40,8231997501368",1,
78,yellow journalism,506,"5,53517976874705","28,7413131692446",1,
21,local journalism,442,"3,46232168805401","40,3839079757833",1,
55,great journalism,391,"1,90961541464376","30,9946983668632",1,
39,sports journalism,317,"3,81292741449318","33,1532344650088",1,
42,bad journalism,307,"2,59199028645348","32,5475022685063",1,
44,true journalism,290,"2,77222013843105","32,3290581713475",1,
47,actual journalism,277,"3,36101899532777","32,1091030395236",1,
53,poor journalism,267,"3,45710200282147","31,3844636187681",1,
56,independent journalism,262,"3,52551612202609","30,957552289351",1,
66,lazy journalism,262,"3,80869083155397","30,1499786741442",1,
58,quality journalism,257,"2,95754955597416","30,8551127462691",1,
113,hitting journalism,230,"4,16875951928749","26,815769222487",0,
163,irresponsible journalism,173,"3,96576709563521","24,003570264294",1,
138,honest journalism,169,"3,29871532457377","25,1332562763227",1,
234,called journalism,163,"2,05648534489808","21,068660643735",0,
153,indian journalism,161,"2,86941268147462","24,3021218842307",1,
155,american journalism,158,"3,03681555223693","24,2839329055834",1,
188,responsible journalism,152,"3,75369317990252","23,1082883311888",1,
184,unbiased journalism,144,"3,18476601788332","23,2384922470391",1,
210,gutter journalism,142,"3,83484197049374","22,1282302673138",1,
335,political journalism,140,"1,99644368185725","19,161916116063",1,
226,objective journalism,136,"3,88813991674638","21,5114619169736",1,
216,game journalism,128,"3,17964484112603","21,9133350880051",1,
1074,fake journalism,125,"1,23609466288011","12,3988825706608",1,
287,biased journalism,122,"2,42196701576237","19,9726106371718",1,
266,broadcast journalism,119,"3,80666414151129","20,3294772530925",1,
256,proper journalism,116,"3,54475630622427","20,5814288637313",1,
257,data journalism,113,"3,09569014874292","20,5782042797005",1,
276,serious journalism,111,"2,82344867355378","20,1208734970286",1,
297,music journalism,111,"3,73716966775215","19,789622112084",1,
420,excellent journalism,107,"2,21567462305923","17,870814867109",1,
463,games journalism,103,"4,36911833106378","17,3052354623943",1,
334,access journalism,98,"3,0861267078915","19,1661096173454",1,
375,professional journalism,92,"2,90445496156796","18,4344115725214",1,
543,gaming journalism,91,"4,30115343478599","16,4821847182442",1,
482,citizen journalism,88,"3,97293074738163","17,1158411972675",1,
614,columbia journalism,85,"4,29202121675264","15,9589896578059",1,
442,modern journalism,83,"3,05520821825311","17,6330305375266",1,
505,science journalism,81,"2,6466473194288","16,8857411610711",1,
645,hard-hitting journalism,79,"4,16026767515706","15,7526485913988",1,
480,ethical journalism,78,"3,14900130371027","17,1236000853387",1,
610,british journalism,71,"2,73407022208152","15,9779831751365",1,
637,print journalism,69,"2,76866905506288","15,8078726112543",1,
626,terrible journalism,68,"2,95123431838948","15,9056046663246",1,
830,shoddy journalism,68,"4,34754719644237","14,1331799350007",1,
629,studying journalism,67,"3,23415859543965","15,8742189232896",0,
935,pathetic journalism,66,"2,03528500788061","13,3542562746697",1,
2172,best journalism,64,"0,684245224259809","5,14135940105181",1,
1714,student journalism,63,"1,13216503876449","8,16191644788821",1,
717,fearless journalism,62,"3,50428697096091","15,1132593253006",1,
1813,better journalism,61,"1,07612538494597","7,67265626748163",1,
789,trash journalism,60,"2,58212449656671","14,4210244543741",1,
945,digital journalism,60,"2,17918928711776","13,2821318083353",1,
1183,amazing journalism,59,"1,81564354149983","11,6810986769283",1,
766,tabloid journalism,58,"2,89744427656449","14,6531678819071",1,
1265,ur journalism,57,"1,73137859289193","11,0869605212996",0,
964,save journalism,56,"2,27965226617573","13,1624237544105",0,
1050,mainstream journalism,55,"2,13514398593999","12,5692595069773",1,
1019,study journalism,54,"2,23136466566044","12,7774003874765",0,
1648,shit journalism,54,"1,29921128775184","8,53913340567948",1,
914,cheap journalism,50,"2,81840211136551","13,5352388570277",1,
1357,fair journalism,49,"1,77283088117967","10,4705418571692",1,
926,studied journalism,48,"3,1775670943247","13,459753317039",0,
1125,gotcha journalism,48,"4,27621347526804","12,0512287704537",1,
1759,paid journalism,48,"1,28279322324066","7,96740002185151",1,
2754,new journalism,48,"-0,219829283696396","-1,48814063979058",1,
1106,fantastic journalism,47,"2,32449526509587","12,1925630305066",1,
1331,reddit journalism,47,"4,80190497850278","10,6604315270139",1,
1089,garbage journalism,46,"2,41622852356934","12,294063117114",1,
1196,#asean #journalism,46,"9,6227315958555","11,5928808326644",0,
2123,class journalism,46,"0,866278176110725","5,46113392212094",0,
988,balanced journalism,45,"2,95198942064593","12,9633097835543",1,
1131,mobile journalism,45,"4,11220087213196","12,0096536541136",1,
2625,school journalism,45,"0,204032040119216","1,31924967497051",1,
1006,shitty journalism,44,"3,05690334534419","12,8721931558579",1,
1027,selective journalism,44,"3,5235426144158","12,734980376174",1,
1028,quit journalism,44,"2,84396878747407","12,7318304461407",0,
1185,leave journalism,44,"2,2745655801732","11,6678343578662",0,
2627,support journalism,44,"0,201125844043483","1,28625336306835",0,
2806,know journalism,44,"-0,448476934815898","-2,92436605321027",0,
2859,like journalism,44,"-1,0709937289237","-7,0547042994369",0,
2255,important journalism,43,"0,760340272680781","4,67020512292978",1,
2496,call journalism,43,"0,45560251268365","2,84809459567908",0,
2857,news journalism,43,"-0,988333189467644","-6,43017461900996",1,
1083,shameful journalism,42,"2,74458352369745","12,3321840953592",1,
1223,basic journalism,42,"2,27616331828666","11,4069887653182",1,
1288,disgusting journalism,42,"2,11159419190537","10,926158179585",1,
1194,REAL journalism,41,"2,41056753531597","11,6017313578742",1,
1267,photo journalism,41,"2,20469394762231","11,0751806954568",1,
2849,media journalism,41,"-0,837695737882922","-5,31241190405023",1,
1108,impartial journalism,40,"2,86575976164651","12,1658239954561",1,
1237,crap journalism,40,"2,3487596723115","11,3179023880069",1,
1336,brilliant journalism,40,"2,105606704379","10,6475672292823",1,
2309,level journalism,40,"0,73161425727845","4,34428296557178",0,
1111,canadian journalism,39,"3,20847589485637","12,1453059419031",1,
1153,sloppy journalism,39,"3,64785690926954","11,8784861950319",1,
1441,online journalism,39,"1,90908524443767","9,86311052081246",1,
1763,TV journalism,39,"1,44278875009174","7,94854344618791",1,
1200,service journalism,38,"2,61999230962785","11,5655689698221",1,
1257,outstanding journalism,37,"2,47445222501617","11,1595876036787",1,
1556,UK journalism,37,"1,78685990491275","9,16722022328147",1,
2079,based journalism,37,"1,04125533607793","5,81573692589093",0,
1686,teach journalism,36,"1,60320996679187","8,32500250111226",0,
1743,today's journalism,36,"1,53775349624396","8,05182529796464",1,
2292,free journalism,36,"0,797971970479896","4,47875019774218",1,
1287,winning journalism,35,"2,51378780910778","10,9308087052076",1,
1248,solid journalism,34,"2,87232844793573","11,2337353221873",1,
1987,worst journalism,34,"1,23401015782914","6,49661496214776",1,
1255,neutral journalism,33,"3,04356894548949","11,1640986068416",1,
1500,incredible journalism,33,"2,00597077809166","9,39115671009044",1,
1530,client journalism,33,"4,65303915554981","9,26723644781169",1,
2287,opinion journalism,33,"0,841093421246671","4,50926333525385",1,
1313,notch journalism,32,"3,68442632358675","10,7370308062669",0,
1352,groundbreaking journalism,32,"3,87548514895528","10,5065878261123",1,
1343,football journalism,31,"2,71107297090267","10,5792047685576",1,
2706,love journalism,29,"-0,081298402468604","-0,427619072164349",0,
2421,top journalism,28,"0,719445641778666","3,58693570771578",1,
1412,edge journalism,27,"2,93915182979717","10,0710706188791",1,
1418,credible journalism,27,"2,8915219864712","10,0425292940526",1,
1627,brave journalism,27,"2,07796267535302","8,70292039155427",1,
2256,gonzo journalism,27,"6,65275978255965","4,66198947368047",1,
2368,understand journalism,27,"0,820572232724827","3,99184417709811",0,
2527,high journalism,27,"0,497479946004521","2,46782738621369",1,
2773,much journalism,27,"-0,379111970715192","-1,940745856282",0,
162,much journalisming,26,"5,13301557778968","24,0423517743238",0,
1594,solutions journalism,26,"4,21778898671139","9,0009296125781",1,
1816,killed journalism,26,"1,75576598662234","7,60743641690472",0,
2492,learn journalism,26,"0,596732123246541","2,89018948519012",0,
2825,think journalism,26,"-0,720664004704923","-3,64606749617166",0,
1455,sensationalist journalism,25,"3,44168771763732","9,68819833649031",1,
1482,junk journalism,25,"3,63274654300585","9,55635517004927",1,
1604,australian journalism,25,"2,28667763375874","8,85803485206079",1,
2250,business journalism,25,"1,02014212132622","4,70732941067669",1,
2603,left journalism,25,"0,31715179232891","1,52825422540917",1,
1533,freelance journalism,24,"2,64530769589278","9,25704205601513",1,
1585,decent journalism,24,"2,49406954875117","9,05104368567369",1,
1616,killing journalism,24,"2,33241922535019","8,77232852367219",0,
1677,factual journalism,24,"2,14265012935111","8,36980642059165",1,
1939,practice journalism,24,"1,60257331195336","6,81903562158485",0,
2502,hate journalism,24,"0,604588490179321","2,8143711143781",0,
1522,multimedia journalism,23,"3,45093270237701","9,29571827715383",1,
1575,practicing journalism,23,"2,64528421218051","9,06613559874921",0,
1613,awful journalism,23,"2,45237157429195","8,79964719719282",1,
1897,bullshit journalism,23,"1,75043867594431","7,14782972814006",1,
2106,US journalism,23,"1,29681455429844","5,59981949240025",1,
1571,truthful journalism,22,"2,89658412905236","9,08674992086032",1,
1639,unethical journalism,22,"2,48162412793024","8,655270377443",1,
1764,RIP journalism,22,"2,10808908714379","7,94259106513558",0,
1920,teaching journalism,22,"1,74233380253784","6,96991881136254",0,
1932,hack journalism,22,"1,72447439068842","6,91614534432067",1,
1986,interest journalism,22,"1,5920354493279","6,50079073818063",1,
2013,non-partisan journalism,22,"5,35334861066869","6,3481696860127",1,
2140,community journalism,22,"1,25330416493902","5,31896221214622",1,
2453,MSM journalism,22,"0,751251738138626","3,32137709755769",1,
2477,college journalism,22,"0,692777384766767","3,07428773054857",1,
2523,BBC journalism,22,"0,573907480629652","2,56470132200677",1,
261,#news #journalism,21,"5,27565492527922","20,4792909692557",1,
267,#media #journalism,21,"5,1338112977472","20,3179747157232",1,
1644,destroyed journalism,21,"2,55628617196358","8,56427066292964",1,
1681,disgraceful journalism,21,"2,39909341103635","8,33227847705554",1,
1783,dishonest journalism,21,"2,14373236426334","7,84310165975998",1,
1888,clickbait journalism,21,"1,87379300973919","7,18334056091615",1,
1902,international journalism,21,"1,85251381687148","7,12551007614765",1,
2009,tech journalism,21,"1,59418123087549","6,36153332664034",1,
2354,bias journalism,21,"0,963850969806435","4,10254451093774",1,
2613,s journalism,21,"0,317035349817487","1,40284085314708",0,
2828,even journalism,21,"-0,815125032393235","-3,7204515739623",0,
1668,lifafa journalism,20,"3,79386159447674","8,42760557691327",1,envelope journalism
1669,nieman journalism,20,"3,79386159447674","8,42760557691327",0,
2516,black journalism,20,"0,631699408925596","2,68571970191852",1,
2737,say journalism,20,"-0,247138508496877","-1,08887524841698",0,
2834,see journalism,20,"-0,888804937926501","-3,96562431193709",0,
129,#photography #photojournalism,19,"7,94146278192258","25,8620742027331",0,
1650,courageous journalism,19,"3,0898886651943","8,52698275232016",1,
1651,shite journalism,19,"3,0898886651943","8,52698275232016",1,
1672,legitimate journalism,19,"2,81224975133287","8,40638711758494",1,
1736,western journalism,19,"2,50208405703772","8,08582651273349",1,
1761,horrible journalism,19,"2,41692266000789","7,96293092855899",1,
1784,peak journalism,19,"2,33844745586399","7,83651411614348",1,
1796,accountability journalism,19,"2,3014043898276","7,77249774636187",1,
2691,try journalism,19,"0,011190335988806","0,047719066161183",0,
2843,need journalism,19,"-1,06349981172094","-4,63850055973512",0,
1717,so-called journalism,18,"2,7595807429833","8,14864995274319",1,
1756,unprofessional journalism,18,"2,59252127533897","7,9868937336434",1,
1766,sided journalism,18,"2,54250906043081","7,92749266477834",0,
1806,wrestling journalism,18,"4,05888525874847","7,72171383903401",1,
1812,fashion journalism,18,"2,36425365165832","7,67479525508694",1,
2050,longform journalism,18,"5,15750293025286","6,07502156367079",1,
2114,critical journalism,18,"1,47688765250586","5,54704348334079",1,
2555,nice journalism,18,"0,548737571612462","2,22678681363779",1,
2609,video journalism,18,"0,355893049009389","1,45827712400463",1,
2649,thought journalism,18,"0,213107311655169","0,878602808986526",0,
2808,@realdonaldtrump journalism,18,"-0,711801541351837","-3,00882030890581",1,
1748,campus journalism,17,"2,90466169601749","8,01781127544659",1,
1830,pakistani journalism,17,"2,39381992330799","7,50954999741528",1,
1880,weak journalism,17,"2,23018332213426","7,23926117123161",1,
1914,investigate journalism,17,"2,1229324087029","7,03481560012992",1,
2018,considered journalism,17,"1,80600095973649","6,31217022082519",0,
2030,awesome journalism,17,"1,75779526911317","6,18775781497638",1,
2390,fine journalism,17,"0,990872443005324","3,79706247071147",1,
2430,stupid journalism,17,"0,917142305083757","3,53474057258877",1,
2581,national journalism,17,"0,460450824992907","1,82579488790324",1,
2608,fucking journalism,17,"0,368334337978314","1,46707133345722",1,
2860,just journalism,17,"-2,11181724732686","-8,79445600751776",0,
1802,superb journalism,16,"2,84579592240798","7,75368841243076",1,
1814,traditional journalism,16,"2,70764199529558","7,65379988714281",1,
1846,j journalism,16,"2,4780603763493","7,40742709352926",0,
1863,appalling journalism,16,"2,42804816144114","7,34043185561843",1,
1963,shameless journalism,16,"2,03072842046011","6,64403457895012",1,
2329,global journalism,16,"1,16479317594621","4,26958635585172",1,
2341,partisan journalism,16,"1,1375770234098","4,18023638640111",1,
1817,crappy journalism,15,"3,1346553565412","7,60698973809179",1,
1876,constructive journalism,15,"3,88187872982963","7,24900793561169",1,
1881,advocacy journalism,15,"2,52373191971769","7,23473816624367",1,
2054,accurate journalism,15,"1,84494297261203","6,03268279191467",1,
2102,entertainment journalism,15,"1,68458955619781","5,63933085472951",1,
2271,powerful journalism,15,"1,29988112358702","4,55748318738329",1,
2571,took journalism,15,"0,529804706350402","1,97002028248574",0,
2681,year journalism,15,"0,065029230000185","0,246788607869961",0,
2689,twitter journalism,15,"0,021944218334456","0,083403109499984",1,
2796,make journalism,15,"-0,670413714812993","-2,59220431441143",0,
1872,watchdog journalism,14,"2,87687988436487","7,28501224127695",1,
1937,fact-based journalism,14,"4,06647830558471","6,82784510388945",1,
2016,rubbish journalism,14,"2,08052334696838","6,3247354858796",1,
2032,irish journalism,14,"2,00501220575139","6,1771326926532",1,
2055,bait journalism,14,"1,93480435835642","6,031823123815",0,
2119,shocking journalism,14,"1,69483933371014","5,4798042908773",1,
2460,style journalism,14,"0,918498290169756","3,22205687908383",1,
2478,10 journalism,14,"0,870577756321997","3,06479740943312",0,
2639,whole journalism,14,"0,298390060369962","1,08528265123526",0,
2661,university journalism,14,"0,180206287631827","0,658645515147021",1,
2798,day journalism,14,"-0,706152166063259","-2,6425051728736",0,
2850,really journalism,14,"-1,4138726547542","-5,33688136315558",0,
1903,nonprofit journalism,13,"3,23284684073796","7,0981416811986",1,
1909,comics journalism,13,"3,37594947867028","7,07096550648476",1,
1930,insightful journalism,13,"2,72201224546548","6,93405287863591",1,
1960,financial journalism,13,"2,44437333160405","6,65996783598918",1,
1974,visual journalism,13,"2,38553103725728","6,58484182853293",1,
2020,long-form journalism,13,"4,33146810083208","6,29070936154028",1,
2022,legit journalism,13,"2,17967180572559","6,27616662344371",1,
2029,pursue journalism,13,"2,1342076373089","6,1986052401225",0,
2200,food journalism,13,"1,5713917703407","4,98371096111186",1,
2272,film journalism,13,"1,40822756880162","4,55437823791051",1,
2273,health journalism,13,"1,40822756880162","4,55437823791051",1,
2375,pure journalism,13,"1,19587519478981","3,95360468533287",1,
2494,narrative journalism,13,"0,847014054517151","2,8820827434727",1,
2504,breaking journalism,13,"0,822766853837669","2,80435346699706",0,
2574,liberal journalism,13,"0,56081844825845","1,94291399763742",1,
2575,supporting journalism,13,"0,551642277362321","1,91208989872221",1,
2615,"""+ journalism""",13,"0,399418158308068","1,39530287790562",0,
2741,without journalism,13,"-0,341836330153471","-1,2252319546207",0,
2746,propaganda journalism,13,"-0,352994247510573","-1,26556197264651",1,
2750,big journalism,13,"-0,396422241727064","-1,42269745515713",1,
790,#radio #journalism,12,"6,6721278063116","14,4186537301172",1,
1123,great journalisming,12,"3,54617313314668","12,0618468042933",1,
1892,via @westjournalism,12,"10,3385927849308","7,16495268481637",0,
1943,resistance journalism,12,"3,46601904545392","6,77342922774799",1,
1977,exceptional journalism,12,"2,56806309785045","6,54188289657582",1,
1991,inaccurate journalism,12,"3,91800775776416","6,47855663008882",1,
2006,sport journalism,12,"2,42990917073806","6,39132962630097",1,
2170,grade journalism,12,"1,72073293931545","5,14688933452548",0,
2482,corrupt journalism,12,"0,929325544171705","3,02444785266749",1,
2506,former journalism,12,"0,846508873472224","2,77176011671415",1,
2549,false journalism,12,"0,687615648782572","2,2753454613064",1,
2616,newspaper journalism,12,"0,412676679014382","1,38633026734608",1,
2819,first journalism,12,"-0,929219907223868","-3,23961332387444",0,
2822,@cnn journalism,12,"-0,964533445940585","-3,36432127299854",1,
1976,environmental journalism,11,"3,21555628717008","6,55240989965369",1,
1983,undercover journalism,11,"2,94728871198889","6,51534390305242",1,
2000,audio journalism,11,"2,73597602972231","6,4093245470001",1,
2041,african journalism,11,"2,41319546022187","6,110842051939",1,
2042,scottish journalism,11,"2,41319546022187","6,110842051939",1,
2073,genuine journalism,11,"2,22513784575708","5,86118036056457",1,
2129,top-notch journalism,11,"4,68190232737341","5,3930869809913",1,
2164,driven journalism,11,"1,84864591981557","5,20385648725273",1,"maybe ""data driven journalism"""
2215,century journalism,11,"1,70292693120361","4,89796176627099",1,"maybe ""21st century journalism"""
2233,ain't journalism,11,"1,66958871657033","4,82430349769468",0,
2254,destroying journalism,11,"1,60607172210696","4,68036025702068",1,
2366,featureworld journalism,11,"5,78051641031385","4,00135535079074",1,
2374,dirty journalism,11,"1,31453113504206","3,96396337938224",1,
2394,tv journalism,11,"1,24783437730142","3,78847275149688",1,
2439,keeping journalism,11,"1,12646275372628","3,45939367723744",0,
2475,wing journalism,11,"1,00128704962641","3,10799417929268",1,"maybe ""right / left wing journalism"""
2498,zero journalism,11,"0,905202452714745","2,83082124148805",0,
2530,strong journalism,11,"0,776437319520019","2,45033629265998",1,
2559,facebook journalism,11,"0,686620863016946","2,17943552421709",1,
2589,miss journalism,11,"0,528072512020142","1,69157775475394",0,
2606,longer journalism,11,"0,467129193507356","1,50113250854173",0,
2718,says journalism,11,"-0,228661078434119","-0,754293182395532",0,
2721,type journalism,11,"-0,252943089453058","-0,834928688722332",0,
2858,can journalism,11,"-2,03974249921004","-6,88425154483588",0,
1970,local #journalism,10,"2,06511632371233","6,60949973428444",1,
2024,embedded journalism,10,"3,12455923920972","6,26025520150564",1,
2025,pseudo journalism,10,"3,12455923920972","6,26025520150564",1,
2037,pursuing journalism,10,"2,74506423462023","6,13005903710713",0,
2051,envelope journalism,10,"3,74360383047154","6,06511598978464",1,
2078,SA journalism,10,"2,39365917055783","5,81679177705764",1,
2121,investigating journalism,10,"2,13414079779672","5,46662348983994",0,
2178,activist journalism,10,"1,92828156626503","5,12115457596296",1,
2179,leaving journalism,10,"1,92828156626503","5,12115457596296",0,
2180,regional journalism,10,"1,92828156626503","5,12115457596296",1,
2260,legal journalism,10,"1,68213773063822","4,63645553153606",1,
2274,great #journalism,10,"1,41525552653312","4,54728660528151",1,
2301,conservative journalism,10,"1,57859166860997","4,41140111180161",1,
2302,useless journalism,10,"1,57859166860997","4,41140111180161",1,
2436,kill journalism,10,"1,20080404159337","3,4995768143636",0,
2452,english journalism,10,"1,13555813647335","3,3295558266534",1,
2474,radio journalism,10,"1,05469886213033","3,11443768903998",1,
2570,current journalism,10,"0,658945067088281","2,00198444648941",1,
2592,agenda journalism,10,"0,547703281208829","1,67468250031277",1,
2671,live journalism,10,"0,132459812940607","0,41275522670208",1,
2684,taking journalism,10,"0,065254216147335","0,203834469675082",0,
2701,little journalism,10,"-0,106832692112096","-0,335586708346385",1,
2727,standard journalism,10,"-0,279538141644407","-0,882301340711938",1,
2762,@washingtonpost journalism,10,"-0,555108772235809","-1,76292841180387",1,
2827,hard journalism,10,"-1,14972231839845","-3,68378184230452",1,
370,#world #photojournalism,9,"7,61001113855776","18,5313597496863",0,
460,#streetphotography #photojournalism,9,"8,33216093816366","17,4062373082273",0,
1205,best photojournalism,9,"3,8551198650104","11,5454367071819",1,
1799,#photojournalism #visualjournalism,9,"11,2843697945247","7,76428237947223",1,
1815,independent #journalism,9,"2,51658859028577","7,62891897262406",1,
2107,automotive journalism,9,"3,97996913369845","5,59898439809436",1,
2108,lifting journalism,9,"3,97996913369845","5,59898439809436",0,
2117,award-winning journalism,9,"2,37051327833185","5,50701351988478",1,
2128,stellar journalism,9,"2,29355044288476","5,41552167825165",0,
2157,ruined journalism,9,"2,15539651577237","5,2305843852466",0,
2173,paste journalism,9,"2,09287436447042","5,13836359908338",1,
2181,robust journalism,9,"4,49079655173998","5,11124686594629",1,
2193,engaged journalism,9,"2,03403207012365","5,04685188048973",1,
2223,medical journalism,9,"1,92581489682609","4,86695257717986",1,
2283,isnt journalism,9,"1,73922176389237","4,52328520651201",0,
2350,normal journalism,9,"1,54630912600382","4,12711799846194",1,
2370,smart journalism,9,"1,4784829409369","3,9788308760918",1,
2406,defend journalism,9,"1,35524312301798","3,69843894690817",0,
2407,respected journalism,9,"1,35524312301798","3,69843894690817",1,
2462,real #journalism,9,"1,04907102117663","3,21167002105511",1,
2466,nonsense journalism,9,"1,14668401598044","3,19486660810175",1,
2472,arts journalism,9,"1,12342535940863","3,13665607802659",1,
2529,misleading journalism,9,"0,861922331759713","2,45773132242047",1,
2577,corporate journalism,9,"0,654812889206016","1,89281761524187",1,
2596,brand journalism,9,"0,55883633941521","1,6243450067501",1,
2600,entire journalism,9,"0,53302486642205","1,55150424703662",0,
2687,expect journalism,9,"0,040104856756358","0,119266592953014",0,
2700,using journalism,9,"-0,097828514244593","-0,292227444075646",0,
2709,remember journalism,9,"-0,15707250127221","-0,470015804169417",1,
2716,wonder journalism,9,"-0,230973778593336","-0,692566674396472",1,
2743,india journalism,9,"-0,409886640729096","-1,23443593142637",1,
2748,help journalism,9,"-0,458340207170265","-1,3818324434904",0,
2770,said journalism,9,"-0,631629998811983","-1,91081877898347",0,
2807,actually journalism,9,"-0,966576244551336","-2,93935897934257",0,
2814,@nytimes journalism,9,"-1,00839198601154","-3,0681729861789",1,
2815,state journalism,9,"-1,02732403748523","-3,12651653230246",1,
2847,time journalism,9,"-1,61296313315539","-4,93601115576446",1,
1688,good journalisming,8,"2,92787567528917","8,32124527543863",0,
1936,via @journalism_news,8,"9,94467432327182","6,83050685308041",0,
2008,quality #journalism,8,"2,21410628819637","6,37241743683467",0,
2103,vulture journalism,8,"3,28092797664779","5,6276029744438",1,
2113,lousy journalism,8,"3,53224419921067","5,56146251258687",1,
2125,sa journalism,8,"2,64493203276767","5,45235352845498",1,
2134,arnab's journalism,8,"2,53370460335936","5,36617253594027",1,
2146,extraordinary journalism,8,"2,43361935050108","5,27414856835431",1,
2166,thoughtful journalism,8,"2,34264577799083","5,17870641435209",1,
2187,compelling journalism,8,"2,25926237474405","5,08149802677644",1,
2188,petty journalism,8,"2,25926237474405","5,08149802677644",1,
2201,researched journalism,8,"2,18229953929696","4,9836635863036",1,
2202,stunning journalism,8,"2,18229953929696","4,9836635863036",1,
2219,peace journalism,8,"2,11083878100064","4,88599617022308",1,
2252,nigerian journalism,8,"1,98162346088262","4,69320582515735",1,
2267,toxic journalism,8,"1,92278116653585","4,59873151130984",1,
2333,reliable journalism,8,"1,71692193500416","4,23723762073229",1,
2349,improve journalism,8,"1,67145776658747","4,15125136191148",0,
2381,desperate journalism,8,"1,54628924059434","3,90385221678229",1,
2396,videogame journalism,8,"5,47815973109262","3,76448114690372",1,
2398,original journalism,8,"1,47077809937735","3,74743026876198",1,
2432,positive journalism,8,"1,3672320373491","3,52476562869554",1,
2454,within journalism,8,"1,27340789901505","3,31539228615776",0,
2484,investigation journalism,8,"1,13428612462728","2,99276492226573",0,
2526,protect journalism,8,"0,945477698080189","2,53433287195268",0,
2536,fund journalism,8,"0,882951957827907","2,37789412112681",1,
2554,failed journalism,8,"0,824106074505047","2,22876524178203",1,
2583,graduate journalism,8,"0,665865919216489","1,81945327429583",1,
2595,typical journalism,8,"0,602845773493516","1,6533936472901",1,
2601,sold journalism,8,"0,558056787412052","1,53441681235699",1,
2637,form journalism,8,"0,39661181414793","1,09959528947208",0,
2644,crime journalism,8,"0,360016983116235","0,999853667495018",1,
2648,consider journalism,8,"0,324713817406823","0,903256314540689",0,
2698,"""= journalism""",8,"-0,086593958631142","-0,244595251053222",0,
2752,old journalism,8,"-0,506131878317755","-1,44484194896806",1,
2789,latest journalism,8,"-0,823114224335965","-2,36293201938307",1,
2799,times journalism,8,"-0,920973629582188","-2,64759214340783",0,
2832,take journalism,8,"-1,31946634799684","-3,81042013311213",0,
537,photo journalisme,7,"8,7092816174949","16,5532437510604",1,
732,#fakenews #journalismisdead,7,"5,78499121948157","14,9086175176947",0,
2144,fashioned journalism,7,"3,15573956585468","5,29213474954794",1,
2149,cricket journalism,7,"2,95506707610733","5,26367417202935",1,
2150,literary journalism,7,"2,95506707610733","5,26367417202935",1,
2151,pack journalism,7,"2,95506707610733","5,26367417202935",1,
2152,hurting journalism,7,"3,40705578841757","5,26300198064055",1,
2165,hardcore journalism,7,"2,78801119715574","5,20232337495566",1,
2175,crypto journalism,7,"2,64490855922343","5,12158353389382",1,
2176,riveting journalism,7,"2,64490855922343","5,12158353389382",0,
2177,trashy journalism,7,"2,64490855922343","5,12158353389382",1,
2196,high-quality journalism,7,"2,51974362197456","5,02936372773108",1,
2208,committing journalism,7,"2,40851619256626","4,93052217595166",1,
2209,conflict journalism,7,"2,40851619256626","4,93052217595166",1,
2232,crack journalism,7,"2,30843093970798","4,82814392143409",1,
2246,adversarial journalism,7,"4,25435723735908","4,75643554378319",1,
2248,incompetent journalism,7,"2,21745736719773","4,72423351303339",1,
2249,prestigious journalism,7,"2,21745736719773","4,72423351303339",1,
2261,idiotic journalism,7,"2,13407396395094","4,62011263911994",1,
2262,intelligent journalism,7,"2,13407396395094","4,62011263911994",1,
2286,in-depth journalism,7,"2,05711112850386","4,51665887608903",1,
2316,bold journalism,7,"1,91895720139147","4,31388091464308",1,
2340,sensible journalism,7,"1,85643505008952","4,21518309951455",1,
2365,chose journalism,7,"1,74202111026088","4,02394353636207",0,
2377,MA journalism,7,"1,68937558244519","3,93151955249356",0,
2378,scum journalism,7,"1,68937558244519","3,93151955249356",1,
2412,avant-garde journalism,7,"5,35297132029952","3,66490568227449",1,
2413,supari journalism,7,"5,35297132029952","3,66490568227449",1,
2422,worthy journalism,7,"1,50278244951147","3,58299681981903",1,
2473,classic journalism,7,"1,27538184118928","3,11850087588619",1,
2479,funding journalism,7,"1,24204362655599","3,04712473171482",0,
2520,essential journalism,7,"1,06244728331915","2,64985163469327",1,
2533,climate journalism,7,"0,958450392222861","2,41084883727928",1,
2552,fellow journalism,7,"0,886986045027727","2,24320709893491",0,
2553,unfortunately journalism,7,"0,886986045027727","2,24320709893491",0,
2580,dangerous journalism,7,"0,718150820076362","1,83732267085158",1,
2594,ass journalism,7,"0,643342429228228","1,65352292379635",1,
2614,perhaps journalism,7,"0,540677508423387","1,39779238081349",0,
2619,straight journalism,7,"0,524546332024774","1,35726961680016",1,
2663,book journalism,7,"0,234828572323133","0,615975833432353",1,
2692,@abc journalism,7,"-0,008511056194538","-0,022526581867138",1,
2694,war journalism,7,"-0,05439963504567","-0,144194693741089",1,
2714,n journalism,7,"-0,234516004584299","-0,624874021203911",0,
2724,2020 journalism,7,"-0,327463286560262","-0,874600611536073",1,
2728,respect journalism,7,"-0,334267828625495","-0,892921820294538",1,
2736,seen journalism,7,"-0,406213988542846","-1,08693611087338",0,
2764,making journalism,7,"-0,66110993397476","-1,77803591757703",0,
2795,maybe journalism,7,"-0,944624365254549","-2,55170053736827",0,
2801,press journalism,7,"-1,02937414710118","-2,78367377157934",1,
2804,CNN journalism,7,"-1,07568853578872","-2,91054849534643",1,
2831,way journalism,7,"-1,39420366422801","-3,78459471102459",0,
2836,read journalism,7,"-1,48412264111155","-4,03168248867963",0,
2837,well journalism,7,"-1,51377957979979","-4,11319886223258",0,
2853,üòÇ journalism,7,"-2,13804612913829","-5,83029996738348",0,
2856,get journalism,7,"-2,31140562590131","-6,30720640974012",0,
1277,#newspapers #journalism,6,"4,91480006265172","11,0150706587438",0,
1291,#newspaper #journalism,6,"6,32359582078423","10,9018101256332",1,
1507,#covid19outbreak #supportindependentjournalism,6,"14,6116971267345","9,35502002199645",0,
1670,designs #journalism,6,"7,62288552036329","8,41137018808988",0,
1724,#owm #robojournalism,6,"16,5576123017152","8,12404682651357",1,
2211,incisive journalism,6,"3,26392967757625","4,92286725954807",1,
2212,pliable journalism,6,"3,26392967757625","4,92286725954807",1,
2213,MMA journalism,6,"3,01261345501336","4,91240742487201",1,mixed material arts
2214,entered journalism,6,"3,01261345501336","4,91240742487201",0,
2226,ACTUAL journalism,6,"2,81194096526601","4,85328832956885",1,
2227,HONEST journalism,6,"2,81194096526601","4,85328832956885",1,
2228,NYU journalism,6,"2,81194096526601","4,85328832956885",1,
2229,bogus journalism,6,"2,81194096526601","4,85328832956885",1,
2230,divisive journalism,6,"2,81194096526601","4,85328832956885",1,
2244,catholic journalism,6,"2,64488508631442","4,76792473617127",1,
2245,exemplary journalism,6,"2,64488508631442","4,76792473617127",1,
2276,competent journalism,6,"4,11123112651776","4,53860142925348",1,
2277,kenyan journalism,6,"4,11123112651776","4,53860142925348",1,
2298,trustworthy journalism,6,"2,26539008172494","4,45019259651174",1,
2310,filthy journalism,6,"2,16530482886666","4,3383273764787",1,
2337,abandoned journalism,6,"2,07433125635641","4,22691053587697",1,
2338,terrific journalism,6,"2,07433125635641","4,22691053587697",1,
2339,thorough journalism,6,"2,07433125635641","4,22691053587697",1,
2352,alleged journalism,6,"1,99094785310962","4,11689359304672",1,
2353,elite journalism,6,"1,99094785310962","4,11689359304672",1,
2382,outrage journalism,6,"1,84252425936621","3,9031736667542",1,
2383,rip journalism,6,"1,84252425936621","3,9031736667542",0,
2403,epic journalism,6,"1,7133089392482","3,69949984705014",1,
2404,necessary journalism,6,"1,7133089392482","3,69949984705014",1,
2405,scientific journalism,6,"1,7133089392482","3,69949984705014",1,
2418,engagement journalism,6,"1,65446664490142","3,60163956454387",1,
2419,impressive journalism,6,"1,65446664490142","3,60163956454387",1,
2420,protecting journalism,6,"1,65446664490142","3,60163956454387",1,
2427,explanatory journalism,6,"5,20984520945819","3,54988882706284",1,
2428,weaponized journalism,6,"5,20984520945819","3,54988882706284",1,
2434,silly journalism,6,"1,59889499941956","3,50642229815496",1,
2435,travel journalism,6,"1,59889499941956","3,50642229815496",1,
2459,attacking journalism,6,"1,44860741336974","3,23607269571035",0,
2471,quotes journalism,6,"1,40314324495304","3,15080347390554",0,
2485,earth journalism,6,"1,31798184792321","2,9870199115522",1,
2491,informed journalism,6,"1,27797471895992","2,90832948938608",1,
2511,ignorant journalism,6,"1,20246357774293","2,75692280512051",1,
2517,summer journalism,6,"1,1667437007816","2,68404288692185",1,
2547,@richardgrenell journalism,6,"0,975677697795759","2,28164743639703",0,
2548,ground journalism,6,"0,975677697795759","2,28164743639703",0,
2565,investigative #journalism,6,"0,809722460851914","2,05421764032089",1,
2578,embarrassing journalism,6,"0,79093103385627","1,8748464438222",1,
2597,towards journalism,6,"0,677163176445765","1,61698147565828",0,
2604,sides journalism,6,"0,63504810225156","1,5202644715967",0,
2607,d journalism,6,"0,614637436193484","1,47316201815149",0,
2611,education journalism,6,"0,594634975056727","1,42686061928632",1,
2622,tough journalism,6,"0,555791552870624","1,33655945008345",1,
2623,wonderful journalism,6,"0,555791552870624","1,33655945008345",1,
2629,BS journalism,6,"0,518400431916286","1,24916913078982",0,?
2641,play journalism,6,"0,447567201543596","1,0824349654416",0,
2642,recent journalism,6,"0,430615848770755","1,04231448189337",1,
2660,gives journalism,6,"0,275247463983793","0,671012614029934",0,
2702,word journalism,6,"-0,142201340192075","-0,351837081755802",0,
2722,@nbcnews journalism,6,"-0,347214339954687","-0,863740719170245",1,
2735,profession journalism,6,"-0,435854712363662","-1,0864488153591",0,
2757,lost journalism,6,"-0,651255060690152","-1,63032364261625",1,
2758,@thehill journalism,6,"-0,656938688993481","-1,6447181731984",1,
2760,join journalism,6,"-0,690378754725715","-1,72944895846459",0,
2769,daily journalism,6,"-0,748925837793125","-1,87795000862677",1,
2774,point journalism,6,"-0,774446399952179","-1,94273867659063",0,
2778,talk journalism,6,"-0,804236044816081","-2,01840644288499",0,
2779,makes journalism,6,"-0,80911589819884","-2,03080569813559",0,
2790,made journalism,6,"-0,953894927176795","-2,39914742289313",0,
2792,talking journalism,6,"-0,978855016486974","-2,46273298471147",0,
2793,since journalism,6,"-0,982955177934238","-2,47318019274206",0,
2811,every journalism,6,"-1,20579915207857","-3,04174333202681",0,
2813,dead journalism,6,"-1,21557660258638","-3,06671849348077",1,
2816,done journalism,6,"-1,25063178114475","-3,15627865310921",0,
2818,truth journalism,6,"-1,27842750306701","-3,22730948312703",1,
2821,world journalism,6,"-1,32018745774272","-3,33405202758828",1,
2823,stop journalism,6,"-1,33756480253361","-3,37847905124341",0,
2824,keep journalism,6,"-1,41754920873888","-3,5830274921833",0,
2835,shame journalism,6,"-1,56972768345722","-3,97242190882354",1,
2838,also journalism,6,"-1,62509641772227","-4,11415405186029",0,
2840,kind journalism,6,"-1,65899082054372","-4,20092755301029",1,
2846,want journalism,6,"-1,87040375413752","-4,74229972543381",0,
682,#auspol #thisisnotjournalism,5,"7,64542801264182","15,4295972538739",0,
781,#murdochroyalcommission #thisisnotjournalism,5,"8,91111784380889","14,5312637487536",0,
1037,practicing photojournalism,5,"5,80793863823298","12,6701374769887",1,
1335,nice journalisming,5,"4,68381448393229","10,6525489832788",1,
1390,#ai #journalism,5,"5,05711921405746","10,2542970567164",1,
1391,#coronavirus #journalism,5,"5,05711921405746","10,2542970567164",1,
1401,#journalist #journalism,5,"4,9427055050764","10,1600859196182",0,
1404,#covid19 #journalism,5,"4,89006009268508","10,1112592488762",1,
1545,du photojournalisme,5,"14,7811186293123","9,19907869660976",0,
1576,#delhi #ethicaljournalism,5,"15,2919459283839","9,0605731116928",0,
1646,radio #journalism,5,"3,82617179860279","8,54894822143953",1,
1940,latest journalism2050,5,"10,0783642691448","6,81741373764286",0,
2279,reputable journalism,5,"3,09685032635085","4,52899415518006",1,
2280,tier journalism,5,"3,09685032635085","4,52899415518006",0,
2288,criminalize journalism,5,"3,43332435725083","4,50102153500916",0,
2289,lifestyle journalism,5,"3,43332435725083","4,50102153500916",1,
2290,non-profit journalism,5,"3,43332435725083","4,50102153500916",1,
2293,B2B journalism,5,"2,84553410378796","4,47648211548919",1,
2294,florida journalism,5,"2,84553410378796","4,47648211548919",1,
2295,subjective journalism,5,"2,84553410378796","4,47648211548919",1,
2304,dreadful journalism,5,"2,64486161404061","4,38584361165768",1,
2305,impactful journalism,5,"2,64486161404061","4,38584361165768",1,
2306,questionable journalism,5,"2,64486161404061","4,38584361165768",1,
2318,74 journalism,5,"3,94415177529236","4,28178294208146",0,
2319,deceptive journalism,5,"3,94415177529236","4,28178294208146",1,
2320,forensic journalism,5,"3,94415177529236","4,28178294208146",1,
2321,impacting journalism,5,"3,94415177529236","4,28178294208146",1,
2322,parachute journalism,5,"3,94415177529236","4,28178294208146",1,
2323,defines journalism,5,"2,47780573508902","4,2765853966944",0,
2324,disingenuous journalism,5,"2,47780573508902","4,2765853966944",1,
2325,fabulous journalism,5,"2,47780573508902","4,2765853966944",1,
2326,mediocre journalism,5,"2,47780573508902","4,2765853966944",1,
2327,superior journalism,5,"2,47780573508902","4,2765853966944",1,
2345,innovative journalism,5,"2,33470309715671","4,15865904229012",1,
2346,respectable journalism,5,"2,33470309715671","4,15865904229012",1,
2347,sustainable journalism,5,"2,33470309715671","4,15865904229012",1,
2391,bbc journalism,5,"1,99822547764126","3,79611435592086",1,
2392,meaningful journalism,5,"1,99822547764126","3,79611435592086",1,
2408,authentic journalism,5,"1,90725190513101","3,67867990591398",1,
2409,nationalist journalism,5,"1,90725190513101","3,67867990591398",1,
2410,sensational journalism,5,"1,90725190513101","3,67867990591398",1,
2415,true #journalism,5,"1,56340801859431","3,64021933169105",1,
2425,rated journalism,5,"1,82386850188422","3,564274795125",0,
2440,define journalism,5,"1,74690566643714","3,4531696879675",0,
2443,STEAL journalism,5,"5,04276585823279","3,41394745374458",0,
2448,base journalism,5,"1,67544490814081","3,34546946423471",1,
2449,collaborative journalism,5,"1,67544490814081","3,34546946423471",1,
2450,right-wing journalism,5,"1,67544490814081","3,34546946423471",1,
2451,union journalism,5,"1,67544490814081","3,34546946423471",1,
2458,faux journalism,5,"1,60875173932475","3,24117681003391",1,
2489,depth journalism,5,"1,43181564819416","2,94797490122591",1,
2490,trusted journalism,5,"1,43181564819416","2,94797490122591",1,
2495,healthy journalism,5,"1,37917012037846","2,85641482603054",1,
2507,technology journalism,5,"1,32915790547031","2,76772348832617",1,
2522,sensationalism journalism,5,"1,23606389372765","2,5984151508504",1,
2532,pretend journalism,5,"1,15090249669781","2,43902302251081",0,
2538,BA journalism,5,"1,11089536773452","2,36274667536576",0,
2539,negative journalism,5,"1,11089536773452","2,36274667536576",1,
2540,prefer journalism,5,"1,11089536773452","2,36274667536576",0,
2556,banned journalism,5,"1,03538422651753","2,21648775091379",1,
2557,vital journalism,5,"1,03538422651753","2,21648775091379",1,
2562,rate journalism,5,"0,965176379122557","2,07796284076897",0,
2588,produce journalism,5,"0,780023179744514","1,70209235114887",0,
2598,subscription journalism,5,"0,725211354476277","1,58817795272306",1,
2602,t journalism,5,"0,698892251767454","1,53308883166951",0,
2617,changed journalism,5,"0,623851682630871","1,37470426476347",0,
2618,non journalism,5,"0,623851682630871","1,37470426476347",1,
2632,discuss journalism,5,"0,531825606273982","1,17799207127129",0,
2635,kinda journalism,5,"0,510083825220367","1,13114636201872",0,
2640,guardian journalism,5,"0,488804632352654","1,08516696593061",1,
2656,finest journalism,5,"0,315277555312091","0,705786469560212",1,
2668,senior journalism,5,"0,214340869958054","0,48188364123944",1,
2673,beyond journalism,5,"0,167451900633694","0,377166479805196",1,
2674,taken journalism,5,"0,167451900633694","0,377166479805196",0,
2679,lying journalism,5,"0,12266291455223","0,276754145865146",1,
2683,line journalism,5,"0,093880361016426","0,212038088346278",0,
2688,knew journalism,5,"0,052202281113063","0,118078515062321",0,
2705,taught journalism,5,"-0,177755053377266","-0,404977249394652",0,
2707,lol journalism,5,"-0,199149832498922","-0,453990385076136",0,
2712,means journalism,5,"-0,250716615070976","-0,572335556456468",0,
2713,watching journalism,5,"-0,270621358573695","-0,618093094240702",0,
2720,giving journalism,5,"-0,36460509711239","-0,834675730081084",0,
2725,interesting journalism,5,"-0,382386932396397","-0,87574570097184",1,
2726,wow journalism,5,"-0,382386932396397","-0,87574570097184",0,
2730,change journalism,5,"-0,40848075239893","-0,936063108849258",1,
2780,future journalism,5,"-0,905611895391281","-2,09383919148549",1,
2781,major journalism,5,"-0,905611895391281","-2,09383919148549",1,
2784,believe journalism,5,"-0,97131539604148","-2,24774559658149",0,
2785,social journalism,5,"-0,981051422821582","-2,27056393612343",1,
2786,man journalism,5,"-1,01440040770721","-2,34874644948279",0,
2788,@brianstelter journalism,5,"-1,01907510836492","-2,35970839268061",0,
2802,@acosta journalism,5,"-1,2018622763565","-2,78878574372496",0,
2810,give journalism,5,"-1,30162427865275","-3,0232733613522",0,
2812,| journalism,5,"-1,31211927089475","-3,04795157165362",0,
2826,another journalism,5,"-1,56859608257953","-3,65148363462137",0,
2833,back journalism,5,"-1,64381305479713","-3,82860121970628",0,
2839,many journalism,5,"-1,77916372785375","-4,14740078444668",0,
2854,now journalism,5,"-2,55036909601419","-5,96416721496146",0,
